变量,β系数,SE,OR值,95%CI下限,95%CI上限,P值
VTE中高危评分,0.232,0.0627,1.2611,1.1152,1.426,0.000216211333434931
白细胞计数(*10^9/L),0.1564,0.0474,1.1693,1.0655,1.2831,0.0009691820961540236
中性粒细胞绝对值(NEUT#)（*10^9/L）,0.1461,0.0479,1.1573,1.0536,1.2712,0.0022858447067429016
90天前是否我院就诊,-1.09,0.3656,0.3362,0.1642,0.6883,0.0028675398652066395
炎症,1.1761,0.3961,3.2419,1.4916,7.0458,0.0029820672553647616
Braden量表,-0.1037,0.0396,0.9015,0.8342,0.9742,0.008793209578379077
VTE诊断日期与入院日期是否大于24h,1.1214,0.4365,3.0692,1.3047,7.2204,0.010190876947477738
活化凝血酶原时间APTT,-0.1253,0.0496,0.8822,0.8005,0.9724,0.011565544154236107
本次入院前90天有无住院史、治疗史、手术史,-0.8967,0.3638,0.4079,0.1999,0.8322,0.013711368957778868
入院科室_神经外科,1.125,0.4627,3.0802,1.2438,7.6282,0.015036655849014457
感染史,0.977,0.4211,2.6564,1.1637,6.0639,0.020340335804231092
是否疲惫,0.8535,0.383,2.3478,1.1084,4.9733,0.025833372287443986
肾功能不全,0.8364,0.3766,2.3081,1.1032,4.8292,0.026367102745180705
高血压史,0.8195,0.3693,2.2693,1.1003,4.6801,0.026493237435475984
首次D-二聚体检测数值（μg/ml FEU）,0.1356,0.0616,1.1452,1.0149,1.2923,0.027781335298192017
住院天数,0.0308,0.0156,1.0313,1.0003,1.0632,0.04763462348812169
总钙(mmol/L),2.1621,1.1743,8.6895,0.8697,86.8201,0.06560375573889009
血红蛋白浓度HGB【确诊前最近一次】(g/L),-0.0132,0.0073,0.9869,0.9729,1.0011,0.07036217568146445
是否久坐/卧床,0.7207,0.3983,2.0559,0.9418,4.4883,0.07039708297388575
首次DD与入院日期差值与VTE首次中高危评分日期差值,0.1478,0.0825,1.1592,0.9862,1.3626,0.0731456464048324
是否存在抗凝禁忌,0.6814,0.3988,1.9766,0.9046,4.3188,0.0875150838158907
红细胞计数(*10^12/L),-0.3722,0.2218,0.6892,0.4462,1.0644,0.09321869679983984
VTE确诊日期与入院日期差值,0.0409,0.0264,1.0418,0.9893,1.097,0.12028046350853594
VTE评估量表（padua1，caprini2，P+C3）_padua,-0.5506,0.3584,0.5766,0.2857,1.164,0.12447054780840128
性别_男,0.5351,0.3651,1.7076,0.8348,3.4927,0.1427636969618934
性别_女,-0.5351,0.3651,0.5856,0.2863,1.1978,0.14276369696189375
主要疾病诊断_脑梗死恢复期,-1.5345,1.0642,0.2156,0.0268,1.7355,0.14931469421654356
入院科室_脊柱外科,1.2982,0.9307,3.6628,0.5911,22.6986,0.163026874947372
是否体力活动水平低,0.4979,0.3587,1.6453,0.8145,3.3235,0.16512496226580398
VTE评估量表（padua1，caprini2，P+C3）_caprini,0.5017,0.3627,1.6516,0.8112,3.3625,0.16659623920191557
首次DD与入院日期差值,0.2968,0.2212,1.3456,0.8723,2.0757,0.1795772912677599
纤维蛋白原Fbg（g/L）,0.1602,0.1236,1.1737,0.9212,1.4955,0.1949689267513891
主要疾病诊断_脑内出血,1.5724,1.2378,4.8182,0.4258,54.516,0.20397406569709708
入院科室_骨关节科,1.5724,1.2378,4.8182,0.4258,54.516,0.20397406569709708
主要疾病诊断_颅内动脉瘤破裂伴蛛网膜下腔出血,1.5724,1.2378,4.8182,0.4258,54.516,0.20397406569709708
主要疾病诊断_肺部感染,1.5724,1.2378,4.8182,0.4258,54.516,0.2039740656970972
入院科室_康复科,-0.634,0.5347,0.5305,0.186,1.5129,0.23575095874599394
嗜酸性粒细胞比值,-0.1117,0.0962,0.8943,0.7406,1.0799,0.2456756552537549
糖尿病史,0.4085,0.3737,1.5046,0.7234,3.1296,0.27426680445959317
入院舒张压,-0.0134,0.0137,0.9866,0.9604,1.0136,0.32787217555861303
VTE首次中高危评分日期与入院日期差值,0.1758,0.1807,1.1922,0.8366,1.6991,0.33063475356298355
呼吸系统疾病/COPD,0.3185,0.3548,1.375,0.686,2.7562,0.36940405951017985
主要疾病诊断_重症肺炎,0.8698,1.016,2.3864,0.3258,17.4812,0.3919559757684069
入院收缩压,0.0062,0.0076,1.0062,0.9913,1.0214,0.4161027839082576
BMI,0.0475,0.0596,1.0486,0.933,1.1786,0.42598761610969726
入院科室_肿瘤科,0.5858,0.785,1.7965,0.3856,8.369,0.4555118644092748
入院科室_肾内科,-0.7911,1.11,0.4533,0.0515,3.9925,0.4760011388124158
首次异常D-二聚体检测数值（μg/ml FEU）_0.82,0.8568,1.4254,2.3556,0.1441,38.4934,0.5477772885018893
首次异常D-二聚体检测数值（μg/ml FEU）_1.34,0.8568,1.4254,2.3556,0.1441,38.4934,0.5477772885018894
主要疾病诊断_肺栓塞,0.8568,1.4254,2.3556,0.1441,38.4934,0.5477772885018894
首次异常D-二聚体检测数值（μg/ml FEU）_5.84,0.8568,1.4254,2.3556,0.1441,38.4934,0.5477772885018894
主要疾病诊断_肺炎,0.8568,1.4254,2.3556,0.1441,38.4934,0.5477772885018894
钾离子,0.2016,0.3529,1.2234,0.6126,2.4433,0.5677940543330532
是否步速缓慢,0.1952,0.3539,1.2156,0.6075,2.4324,0.5812163021531667
入院科室_普外科,-0.4318,0.8219,0.6494,0.1297,3.2518,0.5993597427970043
入院科室_呼吸与危重症医学科,0.2693,0.5413,1.3091,0.4531,3.782,0.618781435668582
入院科室_心血管内科,-0.5582,1.1322,0.5722,0.0622,5.2642,0.6219867014016631
主要疾病诊断_脑出血恢复期,0.4547,0.9304,1.5758,0.2544,9.7606,0.6250226602641828
VTE评估量表（padua1，caprini2，P+C3）_padua、caprini,0.4547,0.9304,1.5758,0.2544,9.7606,0.6250226602641828
手术史,-0.1686,0.353,0.8448,0.423,1.6875,0.6328706031356206
首次异常DD与入院日期差值,0.0789,0.2186,1.0821,0.705,1.6608,0.7180916533457319
RBC平均血红蛋白量(MCH),-0.0218,0.0618,0.9784,0.8668,1.1045,0.7244120143050528
嗜酸粒细胞绝对值(E0#)（*10^9/L）,0.3509,1.1085,1.4203,0.1618,12.4715,0.7515820331411236
身高,0.6785,2.1741,1.9709,0.0278,139.7452,0.7549864809476139
凝血酶原时间PT（s）,0.0342,0.1117,1.0348,0.8313,1.2881,0.759455069657347
入院科室_消化内科,-0.2609,1.1684,0.7704,0.078,7.6079,0.8233160305362044
入院科室_老年医学科,-0.2609,1.1684,0.7704,0.078,7.6079,0.8233160305362044
主要疾病诊断_脑梗死,-0.2609,1.1684,0.7704,0.078,7.6079,0.8233160305362045
年龄,0.0014,0.0118,1.0014,0.9784,1.0248,0.9081415109910163
出院收缩压,-0.001,0.0097,0.999,0.9803,1.0181,0.9205224831316301
入院科室_神经内科,-0.0352,0.5641,0.9654,0.3195,2.917,0.9502982176801819
出院舒张压,0.0008,0.0156,1.0008,0.9707,1.0319,0.9596112191343016
RBC平均血红蛋白浓度(MCHC),-0.0006,0.0128,0.9994,0.9746,1.0248,0.9603196095090285
主要疾病诊断_颈部脊髓损伤,21.8713,20548.2905,3152012798.1109,0.0,inf,0.9991507432260218
主要疾病诊断_充血性心力衰竭,-22.9511,146229.8093,0.0,0.0,inf,0.999874770364681
首次异常D-二聚体检测数值（μg/ml FEU）_4.92,-22.9511,146229.8093,0.0,0.0,inf,0.999874770364681
主要疾病诊断_化疗后骨髓抑制,-22.9511,146229.8093,0.0,0.0,inf,0.999874770364681
主要疾病诊断_败血症,-22.9511,146229.8093,0.0,0.0,inf,0.999874770364681
首次异常D-二聚体检测数值（μg/ml FEU）_18.12,-22.9511,146229.8093,0.0,0.0,inf,0.999874770364681
主要疾病诊断_丙型肝炎后肝硬化失代偿期,-22.9511,146229.8093,0.0,0.0,inf,0.999874770364681
主要疾病诊断_大面积肺栓塞（高危组 ）,-22.9511,146229.8093,0.0,0.0,inf,0.999874770364681
首次异常D-二聚体检测数值（μg/ml FEU）_2.56,-22.9511,146229.8093,0.0,0.0,inf,0.999874770364681
主要疾病诊断_呼吸困难,-22.9511,146229.8093,0.0,0.0,inf,0.999874770364681
首次异常D-二聚体检测数值（μg/ml FEU）_7.26,-22.9511,146229.8093,0.0,0.0,inf,0.999874770364681
主要疾病诊断_重型原发性免疫性血小板减少症,-22.9511,146229.8093,0.0,0.0,inf,0.999874770364681
首次异常D-二聚体检测数值（μg/ml FEU）_1.08,-22.9511,146229.8093,0.0,0.0,inf,0.999874770364681
首次异常D-二聚体检测数值（μg/ml FEU）_0.51,-22.9511,146229.8093,0.0,0.0,inf,0.999874770364681
首次异常D-二聚体检测数值（μg/ml FEU）_0.16,-22.9511,146229.8093,0.0,0.0,inf,0.999874770364681
首次异常D-二聚体检测数值（μg/ml FEU）_1.26,-22.9511,146229.8093,0.0,0.0,inf,0.999874770364681
首次异常D-二聚体检测数值（μg/ml FEU）_3.28,-22.9511,146229.8093,0.0,0.0,inf,0.999874770364681
主要疾病诊断_急性疼痛,-22.9511,146229.8093,0.0,0.0,inf,0.999874770364681
首次异常D-二聚体检测数值（μg/ml FEU）_7.03,-22.9511,146229.8093,0.0,0.0,inf,0.999874770364689
主要疾病诊断_左腋神经损伤,-22.9511,146229.8093,0.0,0.0,inf,0.999874770364689
主要疾病诊断_右侧胫骨髁间棘骨折,-22.9511,146229.8093,0.0,0.0,inf,0.999874770364689
主要疾病诊断_特鲁索综合征,-22.9511,146229.8093,0.0,0.0,inf,0.999874770364689
首次异常D-二聚体检测数值（μg/ml FEU）_0.62,-22.9511,146229.8093,0.0,0.0,inf,0.999874770364689
首次异常D-二聚体检测数值（μg/ml FEU）_11.33,-22.9511,146229.8093,0.0,0.0,inf,0.999874770364689
首次异常D-二聚体检测数值（μg/ml FEU）_5.85,-22.9511,146229.8093,0.0,0.0,inf,0.999874770364689
主要疾病诊断_右髂骨粉碎性骨折,-22.9511,146229.8093,0.0,0.0,inf,0.9998747703646895
首次异常D-二聚体检测数值（μg/ml FEU）_3.65,-22.9511,146229.8093,0.0,0.0,inf,0.9998747703646895
主要疾病诊断_右肺肺炎,-22.9511,146229.8093,0.0,0.0,inf,0.9998747703646895
首次异常D-二聚体检测数值（μg/ml FEU）_0.55,-22.9511,146229.8093,0.0,0.0,inf,0.9998747703646895
入院科室_泌尿外科,-22.9511,146229.8093,0.0,0.0,inf,0.9998747703646895
首次异常D-二聚体检测数值（μg/ml FEU）_0.71,-22.9511,146229.8093,0.0,0.0,inf,0.9998747703646895
主要疾病诊断_胃多发溃疡并出血,-22.9511,146229.8093,0.0,0.0,inf,0.9998747703646895
主要疾病诊断_胆总管结石,-22.9511,146229.8093,0.0,0.0,inf,0.9998747703646895
首次异常D-二聚体检测数值（μg/ml FEU）_3.67,-22.9511,146229.8093,0.0,0.0,inf,0.9998747703646895
首次异常D-二聚体检测数值（μg/ml FEU）_2.69,-22.9511,146229.8093,0.0,0.0,inf,0.9998747703646895
首次异常D-二聚体检测数值（μg/ml FEU）_1.04,-22.9511,146229.8093,0.0,0.0,inf,0.9998747703646895
主要疾病诊断_类风湿性关节炎,-22.9511,146229.8093,0.0,0.0,inf,0.9998747703646895
首次异常D-二聚体检测数值（μg/ml FEU）_1.27,-22.9511,146229.8093,0.0,0.0,inf,0.9998747703646895
"主要疾病诊断_横结肠低分化腺癌TxNxM1,Ⅳ期",-22.9511,146229.8093,0.0,0.0,inf,0.9998747703646895
首次异常D-二聚体检测数值（μg/ml FEU）_1.75,-22.9511,146229.8093,0.0,0.0,inf,0.9998747703646895
首次异常D-二聚体检测数值（μg/ml FEU）_1.51,-22.9511,146229.8093,0.0,0.0,inf,0.9998747703646895
首次异常D-二聚体检测数值（μg/ml FEU）_1.59,-22.9511,146229.8093,0.0,0.0,inf,0.9998747703646895
首次异常D-二聚体检测数值（μg/ml FEU）_1.85,-22.9511,146229.8093,0.0,0.0,inf,0.9998747703646895
首次异常D-二聚体检测数值（μg/ml FEU）_1.46,-22.9511,146229.8093,0.0,0.0,inf,0.9998747703646895
主要疾病诊断_心源性脑栓塞,-22.9511,146229.8093,0.0,0.0,inf,0.9998747703646895
主要疾病诊断_急性大面积脑梗死,-22.9511,146229.8093,0.0,0.0,inf,0.9998747703646895
主要疾病诊断_恶性肿瘤维持性化学治疗,-22.9511,146229.8093,0.0,0.0,inf,0.9998747703646895
首次异常D-二聚体检测数值（μg/ml FEU）_1.94,-22.9511,146229.8093,0.0,0.0,inf,0.9998747703646895
首次异常D-二聚体检测数值（μg/ml FEU）_2.23,-22.9511,146229.8093,0.0,0.0,inf,0.9998747703646895
主要疾病诊断_左侧大隐静脉曲张,-22.9511,146229.8093,0.0,0.0,inf,0.9998747703646895
主要疾病诊断_社区获得性肺炎,-22.9511,146229.8093,0.0,0.0,inf,0.9998747703646895
首次异常D-二聚体检测数值（μg/ml FEU）_1.35,-22.9511,146229.8093,0.0,0.0,inf,0.9998747703646895
首次异常D-二聚体检测数值（μg/ml FEU）_1.4,-22.9511,146229.8093,0.0,0.0,inf,0.9998747703646895
主要疾病诊断_慢性阻塞性肺病伴有急性加重,-22.9511,146229.8093,0.0,0.0,inf,0.9998747703646895
主要疾病诊断_抗合成酶综合征,-22.9511,146229.8093,0.0,0.0,inf,0.9998747703646895
主要疾病诊断_乳腺恶性肿瘤,-22.9511,146229.8093,0.0,0.0,inf,0.9998747703646895
主要疾病诊断_前列腺恶性肿瘤并多发骨转移,-22.9511,146229.8093,0.0,0.0,inf,0.9998747703646895
主要疾病诊断_冠状动脉粥样硬化性心脏病 三支病变,-22.9511,146229.8093,0.0,0.0,inf,0.9998747703646895
首次异常D-二聚体检测数值（μg/ml FEU）_6.59,-22.9511,146229.8093,0.0,0.0,inf,0.9998747703646895
首次异常D-二聚体检测数值（μg/ml FEU）_24.08,-22.9511,146229.8093,0.0,0.0,inf,0.9998747703646895
首次异常D-二聚体检测数值（μg/ml FEU）_6.18,-22.9511,146229.8093,0.0,0.0,inf,0.9998747703646895
主要疾病诊断_1.双侧乳腺肿物性质待查：纤维腺瘤？乳腺腺病？乳腺癌？,-22.9511,146229.8093,0.0,0.0,inf,0.9998747703646895
首次异常D-二聚体检测数值（μg/ml FEU）_12.13,-22.9511,146229.8093,0.0,0.0,inf,0.9998747703646895
主要疾病诊断_双肾多发错构瘤,-22.9511,146229.8093,0.0,0.0,inf,0.9998747703646895
主要疾病诊断_双侧腹股沟复发性直疝,-22.9511,146229.8093,0.0,0.0,inf,0.9998747703646895
主要疾病诊断_双侧颈内动脉C5段动脉瘤可能,-22.9511,146229.8093,0.0,0.0,inf,0.9998747703646895
主要疾病诊断_双肺肺炎（肺炎克雷伯杆菌+白色念珠菌+克柔念珠菌）,-22.9511,146229.8093,0.0,0.0,inf,0.9998747703646895
首次异常D-二聚体检测数值（μg/ml FEU）_4.75,-22.9511,146229.8093,0.0,0.0,inf,0.9998747703646895
首次异常D-二聚体检测数值（μg/ml FEU）_4.72,-22.9511,146229.8093,0.0,0.0,inf,0.9998747703646895
首次异常D-二聚体检测数值（μg/ml FEU）_4.9,-22.9511,146229.8093,0.0,0.0,inf,0.9998747703646895
首次异常D-二聚体检测数值（μg/ml FEU）_7.62,-22.9511,146229.8093,0.0,0.0,inf,0.9998747703646895
主要疾病诊断_非创伤性脑内血肿,-22.9511,146229.8093,0.0,0.0,inf,0.9998747703646895
主要疾病诊断_降结肠恶性肿瘤结肠癌伴出血,-22.9511,146229.8093,0.0,0.0,inf,0.9998747703646895
主要疾病诊断_脓毒血症,-22.9511,146229.8093,0.0,0.0,inf,0.9998747703646895
主要疾病诊断_冠状动脉粥样硬化性心脏病,-22.9511,146229.8093,0.0,0.0,inf,0.9998747703646895
首次异常D-二聚体检测数值（μg/ml FEU）_3.77,-22.9511,146229.8093,0.0,0.0,inf,0.9998747703646895
首次异常D-二聚体检测数值（μg/ml FEU）_2.01,-22.9511,146229.8093,0.0,0.0,inf,0.9998747703646895
主要疾病诊断_左侧基底节区出血,-22.9511,146229.8093,0.0,0.0,inf,0.9998747703646895
主要疾病诊断_左侧椎动脉V4段夹层动脉瘤,-22.9511,146229.8093,0.0,0.0,inf,0.9998747703646895
首次异常D-二聚体检测数值（μg/ml FEU）_2.92,-22.9511,146229.8093,0.0,0.0,inf,0.9998747703646895
主要疾病诊断_发热查因：重症肺炎？其他？,-22.9511,146229.8093,0.0,0.0,inf,0.9998747703646895
主要疾病诊断_右胫骨骨折 ,-22.9511,146229.8093,0.0,0.0,inf,0.9998747703646895
首次异常D-二聚体检测数值（μg/ml FEU）_2.33,-22.9511,146229.8093,0.0,0.0,inf,0.9998747703646895
主要疾病诊断_左胫骨平台骨折,-22.9511,146229.8093,0.0,0.0,inf,0.9998747703646895
首次异常D-二聚体检测数值（μg/ml FEU）_2.27,-22.9511,146229.8093,0.0,0.0,inf,0.9998747703646895
主要疾病诊断_左股骨粗隆下骨折术后,-22.9511,146229.8093,0.0,0.0,inf,0.9998747703646895
首次异常D-二聚体检测数值（μg/ml FEU）_2.49,-22.9511,146229.8093,0.0,0.0,inf,0.9998747703646895
首次异常D-二聚体检测数值（μg/ml FEU）_13.67,-22.9511,146229.8093,0.0,0.0,inf,0.9998747703646895
首次异常D-二聚体检测数值（μg/ml FEU）_4.27,-22.9511,146229.8093,0.0,0.0,inf,0.9998747703646895
主要疾病诊断_脑血管狭窄,-22.9511,146229.8093,0.0,0.0,inf,0.9998747703646895
首次异常D-二聚体检测数值（μg/ml FEU）_3.75,-22.9511,146229.8158,0.0,0.0,inf,0.9998747703698164
首次异常D-二聚体检测数值（μg/ml FEU）_3.21,-22.9511,146229.8158,0.0,0.0,inf,0.9998747703698164
首次异常D-二聚体检测数值（μg/ml FEU）_3.0,-22.9511,146229.8158,0.0,0.0,inf,0.9998747703698164
主要疾病诊断_取除下腔静脉滤器,-22.9511,146229.8158,0.0,0.0,inf,0.9998747703698164
主要疾病诊断_右肺嗜肺军团菌肺炎,-22.9511,146229.8158,0.0,0.0,inf,0.9998747703698164
首次异常D-二聚体检测数值（μg/ml FEU）_1.3,-22.9511,146229.8158,0.0,0.0,inf,0.9998747703698164
首次异常D-二聚体检测数值（μg/ml FEU）_0.84,-22.9511,146229.8158,0.0,0.0,inf,0.9998747703698164
首次异常D-二聚体检测数值（μg/ml FEU）_0.73,-22.9511,146229.8158,0.0,0.0,inf,0.9998747703698164
首次异常D-二聚体检测数值（μg/ml FEU）_0.8,-22.9511,146229.8158,0.0,0.0,inf,0.9998747703698164
主要疾病诊断_急性肺动脉栓塞,-22.9511,146229.8158,0.0,0.0,inf,0.9998747703698164
主要疾病诊断_急性肺栓塞,-22.9511,146229.8158,0.0,0.0,inf,0.9998747703698164
首次异常D-二聚体检测数值（μg/ml FEU）_1.72,-22.9511,146229.8158,0.0,0.0,inf,0.9998747703698164
首次异常D-二聚体检测数值（μg/ml FEU）_1.62,-22.9511,146229.8158,0.0,0.0,inf,0.9998747703698164
首次异常D-二聚体检测数值（μg/ml FEU）_0.6,-22.9511,146229.8158,0.0,0.0,inf,0.9998747703698164
首次异常D-二聚体检测数值（μg/ml FEU）_0.59,-22.9511,146229.8158,0.0,0.0,inf,0.9998747703698164
首次异常D-二聚体检测数值（μg/ml FEU）_0.69,-22.9511,146229.8158,0.0,0.0,inf,0.9998747703698164
入院科室_介入科,-22.9511,146229.8158,0.0,0.0,inf,0.9998747703698164
首次异常D-二聚体检测数值（μg/ml FEU）_0.72,-22.9511,146229.8158,0.0,0.0,inf,0.9998747703698164
主要疾病诊断_大脑中动脉狭窄,-22.9511,146229.8158,0.0,0.0,inf,0.9998747703698164
首次异常D-二聚体检测数值（μg/ml FEU）_2.29,-22.9511,146229.8158,0.0,0.0,inf,0.9998747703698164
首次异常D-二聚体检测数值（μg/ml FEU）_2.47,-22.9511,146229.8158,0.0,0.0,inf,0.9998747703698164
主要疾病诊断_丘脑出血,-22.9511,146229.8158,0.0,0.0,inf,0.9998747703698164
首次异常D-二聚体检测数值（μg/ml FEU）_5.74,-22.9511,146229.8158,0.0,0.0,inf,0.9998747703698164
主要疾病诊断_出血性脑梗死,-22.9511,146229.8158,0.0,0.0,inf,0.9998747703698164
主要疾病诊断_脑转移瘤术后恢复期,-22.9511,146229.8158,0.0,0.0,inf,0.9998747703698164
主要疾病诊断_脑血管意外,-22.9511,146229.8158,0.0,0.0,inf,0.9998747703698164
主要疾病诊断_颅占位性病变,-22.9511,146229.8158,0.0,0.0,inf,0.9998747703698164
主要疾病诊断_腰椎间盘突出伴神经根病,-22.9511,146229.8158,0.0,0.0,inf,0.9998747703698166
主要疾病诊断_腰椎压缩性骨折,-22.9511,146229.8158,0.0,0.0,inf,0.9998747703698166
首次异常D-二聚体检测数值（μg/ml FEU）_7.44,-22.9511,146229.8158,0.0,0.0,inf,0.9998747703698166
首次异常D-二聚体检测数值（μg/ml FEU）_7.17,-22.9511,146229.8158,0.0,0.0,inf,0.9998747703698166
主要疾病诊断_下肢静脉血栓形成,-22.9511,146229.8158,0.0,0.0,inf,0.9998747703698166
主要疾病诊断_下肢肌肉损伤,-22.9511,146229.8158,0.0,0.0,inf,0.9998747703698166
首次异常D-二聚体检测数值（μg/ml FEU）_50.54,-22.9511,146229.8158,0.0,0.0,inf,0.9998747703698166
首次异常D-二聚体检测数值（μg/ml FEU）_22.0,-22.9511,146229.8158,0.0,0.0,inf,0.9998747703698166
首次异常D-二聚体检测数值（μg/ml FEU）_4.58,-22.9511,146229.8158,0.0,0.0,inf,0.9998747703698166
首次异常D-二聚体检测数值（μg/ml FEU）_14.52,-22.9511,146229.8158,0.0,0.0,inf,0.9998747703698166
首次异常D-二聚体检测数值（μg/ml FEU）_4.63,-22.9511,146229.8158,0.0,0.0,inf,0.9998747703698166
主要疾病诊断_十二指肠腺癌并出血,-22.9511,146229.8158,0.0,0.0,inf,0.9998747703698166
首次异常D-二聚体检测数值（μg/ml FEU）_21.7,-22.9511,146229.8158,0.0,0.0,inf,0.9998747703698166
首次异常D-二聚体检测数值（μg/ml FEU）_3.25,-22.9511,146229.8158,0.0,0.0,inf,0.9998747703698166
主要疾病诊断_乙状结肠肿瘤,-22.9511,146229.8158,0.0,0.0,inf,0.9998747703698166
主要疾病诊断_再生障碍性贫血,-22.9511,146229.8158,0.0,0.0,inf,0.9998747703698166
主要疾病诊断_吞咽困难,-22.9511,146229.8158,0.0,0.0,inf,0.9998747703698166
首次异常D-二聚体检测数值（μg/ml FEU）_3.03,-22.9511,146229.8158,0.0,0.0,inf,0.9998747703698166
首次异常D-二聚体检测数值（μg/ml FEU）_2.51,-22.9511,146229.8158,0.0,0.0,inf,0.9998747703698166
主要疾病诊断_大气道狭窄,-22.9511,146229.8158,0.0,0.0,inf,0.9998747703698166
首次异常D-二聚体检测数值（μg/ml FEU）_3.76,-22.9511,146229.8158,0.0,0.0,inf,0.9998747703698166
首次异常D-二聚体检测数值（μg/ml FEU）_0.74,-22.9511,146229.8158,0.0,0.0,inf,0.9998747703698166
主要疾病诊断_梗阻性黄疸,-22.9511,146229.8158,0.0,0.0,inf,0.9998747703698166
主要疾病诊断_社区获得性肺炎，重症,-22.9511,146229.8158,0.0,0.0,inf,0.9998747703698166
主要疾病诊断_急性心力衰竭,-22.9511,146229.8158,0.0,0.0,inf,0.9998747703698166
主要疾病诊断_急性广泛前壁心肌梗死,-22.9511,146229.8158,0.0,0.0,inf,0.9998747703698166
主要疾病诊断_急性多发脑梗死,-22.9511,146229.8158,0.0,0.0,inf,0.9998747703698166
首次异常D-二聚体检测数值（μg/ml FEU）_1.43,-22.9511,146229.8158,0.0,0.0,inf,0.9998747703698166
主要疾病诊断_支气管或肺恶性肿瘤,-22.9511,146229.8158,0.0,0.0,inf,0.9998747703698166
首次异常D-二聚体检测数值（μg/ml FEU）_1.81,-22.9511,146229.8158,0.0,0.0,inf,0.9998747703698166
主要疾病诊断_急性脑梗死(左侧额顶枕叶、左侧侧脑室旁、右侧额叶 心源性栓塞型可能性大),-22.9511,146229.8158,0.0,0.0,inf,0.9998747703698166
首次异常D-二聚体检测数值（μg/ml FEU）_1.58,-22.9511,146229.8158,0.0,0.0,inf,0.9998747703698166
主要疾病诊断_手术后恶性肿瘤化学治疗,-22.9511,146229.8158,0.0,0.0,inf,0.9998747703698166
首次异常D-二聚体检测数值（μg/ml FEU）_0.79,-22.9511,146229.8158,0.0,0.0,inf,0.9998747703698166
首次异常D-二聚体检测数值（μg/ml FEU）_0.83,-22.9511,146229.8158,0.0,0.0,inf,0.9998747703698166
主要疾病诊断_慢性肺源性心脏病失代偿期,-22.9511,146229.8158,0.0,0.0,inf,0.9998747703698166
入院科室_甲乳外科,-22.9511,146229.8158,0.0,0.0,inf,0.9998747703698166
入院科室_全科医学科,-22.9511,146229.8158,0.0,0.0,inf,0.9998747703698166
主要疾病诊断_胸段脊髓胶质瘤，WHO2级,-22.9511,146229.8158,0.0,0.0,inf,0.9998747703698166
主要疾病诊断_胸痛,-22.9511,146229.8158,0.0,0.0,inf,0.9998747703698166
主要疾病诊断_肺挫伤,-22.9511,146229.8158,0.0,0.0,inf,0.9998747703698166
主要疾病诊断_胆囊结石伴急性胆囊炎,-22.9511,146229.8158,0.0,0.0,inf,0.9998747703698166
入院科室_创伤中心,-22.9511,146229.8158,0.0,0.0,inf,0.9998747703698166
主要疾病诊断_肝脏转移瘤,-22.9511,146229.8158,0.0,0.0,inf,0.9998747703698166
入院科室_重症医学科,-24.7384,176151.9921,0.0,0.0,inf,0.9998879467867364
出血风险评估（1/0）,29.4867,260054.7447,6395758899336.918,0.0,inf,0.9999095307885415
首次异常D-二聚体检测数值（μg/ml FEU）_0.56,-29.0069,699589.4647,0.0,0.0,inf,0.9999669175513295
首次异常D-二聚体检测数值（μg/ml FEU）_25.39,29.6954,1820413.9668,7880631149579.902,0.0,inf,0.9999869845404147
首次异常D-二聚体检测数值（μg/ml FEU）_4.56,29.6954,1820413.9668,7880631149579.902,0.0,inf,0.9999869845404147
首次异常D-二聚体检测数值（μg/ml FEU）_4.91,29.6954,1820413.9668,7880631149580.015,0.0,inf,0.9999869845404147
首次异常D-二聚体检测数值（μg/ml FEU）_4.76,29.6954,1820413.9668,7880631149579.958,0.0,inf,0.9999869845404147
首次异常D-二聚体检测数值（μg/ml FEU）_4.67,29.6954,1820413.9668,7880631149579.902,0.0,inf,0.9999869845404147
首次异常D-二聚体检测数值（μg/ml FEU）_5.01,29.6954,1820413.9668,7880631149579.902,0.0,inf,0.9999869845404147
首次异常D-二聚体检测数值（μg/ml FEU）_9.14,29.6954,1820413.9668,7880631149579.902,0.0,inf,0.9999869845404147
首次异常D-二聚体检测数值（μg/ml FEU）_23.42,29.6954,1820413.9668,7880631149579.958,0.0,inf,0.9999869845404147
首次异常D-二聚体检测数值（μg/ml FEU）_29.74,29.6954,1820413.9668,7880631149579.902,0.0,inf,0.9999869845404147
主要疾病诊断_2型糖尿病,29.6954,1820413.9668,7880631149579.902,0.0,inf,0.9999869845404147
首次异常D-二聚体检测数值（μg/ml FEU）_6.6,29.6954,1820413.9668,7880631149579.902,0.0,inf,0.9999869845404147
首次异常D-二聚体检测数值（μg/ml FEU）_6.55,29.6954,1820413.9668,7880631149579.902,0.0,inf,0.9999869845404147
首次异常D-二聚体检测数值（μg/ml FEU）_6.4,29.6954,1820413.9668,7880631149579.902,0.0,inf,0.9999869845404147
首次异常D-二聚体检测数值（μg/ml FEU）_9.23,29.6954,1820413.9668,7880631149579.958,0.0,inf,0.9999869845404147
首次异常D-二聚体检测数值（μg/ml FEU）_8.39,29.6954,1820413.9668,7880631149579.902,0.0,inf,0.9999869845404147
首次异常D-二聚体检测数值（μg/ml FEU）_7.32,29.6954,1820413.9668,7880631149579.902,0.0,inf,0.9999869845404147
主要疾病诊断_腰椎间盘突出,29.6954,1820413.9668,7880631149579.902,0.0,inf,0.9999869845404147
主要疾病诊断_左侧多发肋骨骨折（4-8肋）,29.6954,1820413.9668,7880631149579.902,0.0,inf,0.9999869845404147
主要疾病诊断_左侧附件区转移性鳞癌,29.6954,1820413.9668,7880631149579.902,0.0,inf,0.9999869845404147
主要疾病诊断_左股骨颈骨折,29.6954,1820413.9668,7880631149579.902,0.0,inf,0.9999869845404147
主要疾病诊断_左肺腺癌Ⅲ期,29.6954,1820413.9668,7880631149579.902,0.0,inf,0.9999869845404147
首次异常D-二聚体检测数值（μg/ml FEU）_2.37,29.6954,1820413.9668,7880631149579.902,0.0,inf,0.9999869845404147
首次异常D-二聚体检测数值（μg/ml FEU）_2.52,29.6954,1820413.9668,7880631149579.902,0.0,inf,0.9999869845404147
首次异常D-二聚体检测数值（μg/ml FEU）_2.67,29.6954,1820413.9668,7880631149579.958,0.0,inf,0.9999869845404147
首次异常D-二聚体检测数值（μg/ml FEU）_2.95,29.6954,1820413.9668,7880631149579.902,0.0,inf,0.9999869845404147
主要疾病诊断_右膝半月板损伤,29.6954,1820413.9668,7880631149579.902,0.0,inf,0.9999869845404147
主要疾病诊断_发热、呕吐,29.6954,1820413.9668,7880631149579.902,0.0,inf,0.9999869845404147
主要疾病诊断_右侧丘脑出血,29.6954,1820413.9668,7880631149579.902,0.0,inf,0.9999869845404147
主要疾病诊断_右侧基底节区脑出血,29.6954,1820413.9668,7880631149579.902,0.0,inf,0.9999869845404147
主要疾病诊断_右侧颞叶出血,29.6954,1820413.9668,7880631149579.902,0.0,inf,0.9999869845404147
首次异常D-二聚体检测数值（μg/ml FEU）_3.53,29.6954,1820413.9668,7880631149579.902,0.0,inf,0.9999869845404147
首次异常D-二聚体检测数值（μg/ml FEU）_3.24,29.6954,1820413.9668,7880631149579.902,0.0,inf,0.9999869845404147
主要疾病诊断_多处受压区压疮 IV期,29.6954,1820413.9668,7880631149579.902,0.0,inf,0.9999869845404147
主要疾病诊断_便血,29.6954,1820413.9668,7880631149579.958,0.0,inf,0.9999869845404147
主要疾病诊断_全身多发损伤,29.6954,1820413.9668,7880631149579.902,0.0,inf,0.9999869845404147
首次异常D-二聚体检测数值（μg/ml FEU）_4.2,29.6954,1820413.9668,7880631149579.902,0.0,inf,0.9999869845404147
首次异常D-二聚体检测数值（μg/ml FEU）_3.4,29.6954,1820413.9668,7880631149579.902,0.0,inf,0.9999869845404147
首次异常D-二聚体检测数值（μg/ml FEU）_3.66,29.6954,1820413.9668,7880631149579.902,0.0,inf,0.9999869845404147
首次异常D-二聚体检测数值（μg/ml FEU）_4.16,29.6954,1820413.9668,7880631149579.902,0.0,inf,0.9999869845404147
首次异常D-二聚体检测数值（μg/ml FEU）_3.81,29.6954,1820413.9668,7880631149579.902,0.0,inf,0.9999869845404147
首次异常D-二聚体检测数值（μg/ml FEU）_3.8,29.6954,1820413.9668,7880631149579.902,0.0,inf,0.9999869845404147
首次异常D-二聚体检测数值（μg/ml FEU）_5.3,29.6954,1820413.9668,7880631149579.902,0.0,inf,0.9999869845404147
首次异常D-二聚体检测数值（μg/ml FEU）_14.19,29.6954,1820413.9668,7880631149579.958,0.0,inf,0.9999869845404147
首次异常D-二聚体检测数值（μg/ml FEU）_1.83,29.6954,1820413.9668,7880631149579.902,0.0,inf,0.9999869845404147
主要疾病诊断_左侧基底节脑出血,29.6954,1820413.9668,7880631149579.902,0.0,inf,0.9999869845404147
主要疾病诊断_大脑中动脉瘤破裂伴蛛网膜下隙出血,29.6954,1820413.9668,7880631149579.902,0.0,inf,0.9999869845404147
主要疾病诊断_头晕查因：后循环缺血？,29.6954,1820413.9668,7880631149579.902,0.0,inf,0.9999869845404147
主要疾病诊断_大脑动脉闭塞脑梗死,29.6954,1820413.9668,7880631149579.902,0.0,inf,0.9999869845404147
主要疾病诊断_大脑前-前交通动脉瘤破裂伴蛛网膜下腔出血,29.6954,1820413.9668,7880631149579.902,0.0,inf,0.9999869845404147
入院科室_内分泌科,29.6954,1820413.9668,7880631149579.902,0.0,inf,0.9999869845404147
主要疾病诊断_胸椎脱位t11/t12,29.6954,1820413.9668,7880631149579.902,0.0,inf,0.9999869845404147
首次异常D-二聚体检测数值（μg/ml FEU）_0.99,29.6954,1820413.9668,7880631149580.015,0.0,inf,0.9999869845404147
主要疾病诊断_细菌性肺炎,29.6954,1820413.9668,7880631149580.015,0.0,inf,0.9999869845404147
首次异常D-二聚体检测数值（μg/ml FEU）_1.28,29.6954,1820413.9668,7880631149579.902,0.0,inf,0.9999869845404147
主要疾病诊断_左额叶、胼胝体膝部脑出血,29.6954,1820413.9668,7880631149579.902,0.0,inf,0.9999869845404147
首次异常D-二聚体检测数值（μg/ml FEU）_1.42,29.6954,1820413.9668,7880631149579.902,0.0,inf,0.9999869845404147
首次异常D-二聚体检测数值（μg/ml FEU）_1.12,29.6954,1820413.9668,7880631149579.902,0.0,inf,0.9999869845404147
主要疾病诊断_急性上消化道出血：消化性溃疡并出血,29.6954,1820413.9668,7880631149579.902,0.0,inf,0.9999869845404147
首次异常D-二聚体检测数值（μg/ml FEU）_2.1,29.6954,1820413.9668,7880631149579.902,0.0,inf,0.9999869845404147
首次异常D-二聚体检测数值（μg/ml FEU）_2.16,29.6954,1820413.9668,7880631149579.902,0.0,inf,0.9999869845404147
首次异常D-二聚体检测数值（μg/ml FEU）_1.71,29.6954,1820413.9668,7880631149579.902,0.0,inf,0.9999869845404147
首次异常D-二聚体检测数值（μg/ml FEU）_1.66,29.6954,1820413.9668,7880631149579.902,0.0,inf,0.9999869845404147
主要疾病诊断_恶性肿瘤靶向治疗,29.6954,1820413.9668,7880631149579.902,0.0,inf,0.9999869845404147
主要疾病诊断_急性脑梗死 ,29.6954,1820413.9668,7880631149579.902,0.0,inf,0.9999869845404147
首次异常D-二聚体检测数值（μg/ml FEU）_1.37,29.6954,1820413.9668,7880631149579.958,0.0,inf,0.9999869845404147
入院科室_心胸外科,29.6954,1820413.9668,7880631149579.902,0.0,inf,0.9999869845404147
主要疾病诊断_慢性阻塞性肺病伴有急性下呼吸道感染,29.6954,1820413.9668,7880631149579.902,0.0,inf,0.9999869845404147
主要疾病诊断_脑干出血,29.6954,1820413.9668,7880631149579.958,0.0,inf,0.9999869845404147
首次异常D-二聚体检测数值（μg/ml FEU）_0.66,29.6954,1820413.9668,7880631149579.958,0.0,inf,0.9999869845404147
主要疾病诊断_手术后恶性肿瘤化学治疗第三次化疗后,29.6954,1820413.9668,7880631149579.902,0.0,inf,0.9999869845404147
首次异常D-二聚体检测数值（μg/ml FEU）_0.65,29.6954,1820413.9668,7880631149579.902,0.0,inf,0.9999869845404147
主要疾病诊断_感染性休克,29.6954,1820413.9668,7880631149580.015,0.0,inf,0.9999869845404147
主要疾病诊断_急性脑梗死,-30.4871,3620500.3349,0.0,0.0,inf,0.9999932812620314
首次异常D-二聚体检测数值（μg/ml FEU）_1.21,-30.4871,3620500.3349,0.0,0.0,inf,0.9999932812620314
入院科室_感染科,-30.4871,3620500.3349,0.0,0.0,inf,0.9999932812620314
主要疾病诊断_慢性肾脏病5期,-30.4871,3620500.3349,0.0,0.0,inf,0.9999932812620314
入院科室_血液科,-30.4871,3620500.3349,0.0,0.0,inf,0.9999932812620314
入院科室_甲乳血管外科,-65.8135,130210463070330.47,0.0,0.0,inf,0.9999999999995968
